Workbook

Sheet Kaggle
B1: Training CPU | C1: Training Memory Overhead | D1: Training Latency | E1: Prediction CPU | F1: Prediction Memory Overhead | G1: Prediction Latency | H1: True Negative Rate | I1: True Positive Rate | J1: False Negative Rate | K1: False Positive Rate | L1: Accuracy
A2: XGBoost | B2: 195.5 | C2: 8.86 | D2: 0.13 | E2: 165.4 | F2: 0.13 | G2: 0.01 | H2: 0.9442 | I2: 0.9594 | J2: 0.0406 | K2: 0.0558 | L2: 0.95
A3: SVM | B3: 100 | C3: 0.58 | D3: 7.33 | E3: 100.1 | F3: 0 | G3: 1.42 | H3: 0.4013 | I3: 0.9557 | J3: 0.0443 | K3: 0.5987 | L3: 0.74
A5: Model | B5: Began f1 | C5: Malware f1
A6: XGBoost | B6: 0.94 | C6: 0.96
A7: SVM | B7: 0.55 | C7: 0.82

Sheet VirusMNIST.csv
A1: Model | B1: Family | C1: Training CPU | D1: Training Memory Overhead | E1: Training Latency | F1: Prediction CPU | G1: Prediction Memory Overhead | H1: Prediction Latency | I1: True Negative Rate | J1: True Positive Rate | K1: False Negative Rate | L1: False Positive Rate | M1: Accuracy
A2: XGBoost | B2: 1 | C2: 195.8 | D2: 6.11 | E2: 0.0867 | F2: 439 | G2: 0.12 | H2: 0.0022 | I2: 0.9829 | J2: 1 | K2: 0 | L2: 0.0171 | M2: 1
A3: XGBoost | B3: 2 | C3: 188.7 | D3: 0 | E3: 0.0847 | F3: 0 | G3: 0 | H3: 0.0018 | I3: 0.9143 | J3: 0.9805 | K3: 0.0195 | L3: 0.0857 | M3: 0.95
A4: XGBoost | B4: 3 | C4: 206 | D4: 0 | E4: 0.0776 | F4: 0 | G4: 0 | H4: 0.0016 | I4: 0.96 | J4: 0.9602 | K4: 0.0398 | L4: 0.04 | M4: 0.96
A5: XGBoost | B5: 4 | C5: 194.9 | D5: 0 | E5: 0.0307 | F5: 0 | G5: 0 | H5: 0.0014 | I5: 1 | J5: 1 | K5: 0 | L5: 0 | M5: 1
A6: XGBoost | B6: 5 | C6: 201.8 | D6: 0.12 | E6: 0.0991 | F6: 0 | G6: 0 | H6: 0.002 | I6: 0.7486 | J6: 0.886 | K6: 0.114 | L6: 0.2514 | M6: 0.85
A7: XGBoost | B7: 6 | C7: 186.1 | D7: 0.44 | E7: 0.145 | F7: 323.2 | G7: 0 | H7: 0.0031 | I7: 0.7086 | J7: 0.986 | K7: 0.014 | L7: 0.2914 | M7: 0.94
A8: XGBoost | B8: 7 | C8: 194.4 | D8: 0 | E8: 0.108 | F8: 419.1 | G8: 0 | H8: 0.0023 | I8: 0.3486 | J8: 0.9491 | K8: 0.0509 | L8: 0.6514 | M8: 0.79
A9: XGBoost | B9: 8 | C9: 192.5 | D9: 0 | E9: 0.0882 | F9: 514.2 | G9: 0 | H9: 0.0019 | I9: 0.7486 | J9: 0.7861 | K9: 0.2139 | L9: 0.2514 | M9: 0.77
A10: XGBoost | B10: 9 | C10: 197.2 | D10: 0 | E10: 0.0861 | F10: 0 | G10: 0 | H10: 0.0018 | I10: 0.8686 | J10: 0.9022 | K10: 0.0978 | L10: 0.1314 | M10: 0.89
A11: SVM | B11: 1 | C11: 100.2 | D11: 0.52 | E11: 2.4954 | F11: 111.5 | G11: 0.02 | H11: 0.0358 | I11: 0.9086 | J11: 0.998 | K11: 0.002 | L11: 0.0914 | M11: 0.97
A12: SVM | B12: 2 | C12: 99.6 | D12: 0 | E12: 1.3656 | F12: 93.5 | G12: 0 | H12: 0.0213 | I12: 0.8971 | J12: 0.9415 | K12: 0.0585 | L12: 0.1029 | M12: 0.92
A13: SVM | B13: 3 | C13: 101.4 | D13: 0 | E13: 0.8183 | F13: 74.2 | G13: 0 | H13: 0.0134 | I13: 0.9829 | J13: 0.8977 | K13: 0.1023 | L13: 0.0171 | M13: 0.94
... A19: SVM | B19: 9 | C19: 100.1 | D19: 0 | E19: 2.838 | F19: 102 | G19: 0 | H19: 0.0391 | I19: 0.6571 | J19: 0.8756 | K19: 0.1244 | L19: 0.3429 | M19: 0.78
A22: Model | B22: Family | C22: Began f1 | D22: Malware f1
A23: XGBoost | B23: 1 | C23: 0.99 | D23: 1
A24: XGBoost | B24: 2 | C24: 0.94 | D24: 0.95
A25: XGBoost | B25: 3 | C25: 0.96 | D25: 0.96
A26: XGBoost | B26: 4 | C26: 1 | D26: 1
A27: XGBoost | B27: 5 | C27: 0.73 | D27: 0.89
A28: XGBoost | B28: 6 | C28: 0.79 | D28: 0.97
A29: XGBoost | B29: 7 | C29: 0.47 | D29: 0.87
A30: XGBoost | B30: 8 | C30: 0.76 | D30: 0.77
A31: XGBoost | B31: 9 | C31: 0.87 | D31: 0.9
A32: SVM | B32: 1 | C32: 0.95 | D32: 0.98
A33: SVM | B33: 2 | C33: 0.91 | D33: 0.93
A34: SVM | B34: 3 | C34: 0.94 | D34: 0.94
... A40: SVM | B40: 9 | C40: 0.72 | D40: 0.82

Sheet VirusMNIST_AVR
B1: Training CPU | C1: Training Memory Overhead | D1: Training Latency | E1: Prediction CPU | F1: Prediction Memory Overhead | G1: Prediction Latency | H1: True Negative Rate | I1: True Positive Rate | J1: False Negative Rate | K1: False Positive Rate | L1: Accuracy
A2: XGBoost | B2: =ROUND(AVERAGE(VirusMNIST.csv!C2:C10), 2) -> 195.27 | C2: =ROUND(AVERAGE(VirusMNIST.csv!D2:D10), 2) -> 0.74 | D2: =ROUND(AVERAGE(VirusMNIST.csv!E2:E10), 2) -> 0.09 | E2: =ROUND(AVERAGE(VirusMNIST.csv!F2:F10), 2) -> 188.39 | F2: =ROUND(AVERAGE(VirusMNIST.csv!G2:G10), 2) -> 0.01 | G2: =ROUND(AVERAGE(VirusMNIST.csv!H2:H10), 3) -> 0.002 | H2: =ROUND(AVERAGE(VirusMNIST.csv!I2:I10), 2) -> 0.81 | I2: =ROUND(AVERAGE(VirusMNIST.csv!J2:J10), 2) -> 0.94 | J2: =ROUND(AVERAGE(VirusMNIST.csv!K2:K10), 2) -> 0.06 | K2: =ROUND(AVERAGE(VirusMNIST.csv!L2:L10), 2) -> 0.19 | L2: =ROUND(AVERAGE(VirusMNIST.csv!M2:M10), 2) -> 0.91
A3: SVM | B3: =ROUND(AVERAGE(VirusMNIST.csv!C11:C19), 2) -> 100.4 | C3: =ROUND(AVERAGE(VirusMNIST.csv!D11:D19), 2) -> 0.4 | D3: =ROUND(AVERAGE(VirusMNIST.csv!E11:E19), 2) -> 4.19 | E3: =ROUND(AVERAGE(VirusMNIST.csv!F11:F19), 2) -> 96.93 | F3: =ROUND(AVERAGE(VirusMNIST.csv!G11:G19), 3) -> 0.002 | G3: =ROUND(AVERAGE(VirusMNIST.csv!H11:H19), 3) -> 0.056 | H3: =ROUND(AVERAGE(VirusMNIST.csv!I11:I19), 2) -> 0.6 | I3: =ROUND(AVERAGE(VirusMNIST.csv!J11:J19), 2) -> 0.84 | J3: =ROUND(AVERAGE(VirusMNIST.csv!K11:K19), 2) -> 0.16 | K3: =ROUND(AVERAGE(VirusMNIST.csv!L11:L19), 2) -> 0.4 | L3: =ROUND(AVERAGE(VirusMNIST.csv!M11:M19), 2) -> 0.82
B5: Began F1 | C5: Malware F1
A6: XGBoost | B6: =ROUND(AVERAGE(VirusMNIST.csv!C23:C31), 2) -> 0.83 | C6: =ROUND(AVERAGE(VirusMNIST.csv!D23:D31), 2) -> 0.92
A7: SVM | B7: =ROUND(AVERAGE(VirusMNIST.csv!C32:C40), 2) -> 0.62 | C7: =ROUND(AVERAGE(VirusMNIST.csv!D32:D40), 2) -> 0.78

Sheet Comparison
B1: Training CPU | C1: Training Memory Overhead | D1: Training Latency | E1: Prediction CPU | F1: Prediction Memory Overhead | G1: Prediction Latency | H1: True Negative Rate | I1: True Positive Rate | J1: False Negative Rate | K1: False Positive Rate | L1: Accuracy
A2: XGBoost with Kaggle | B2: 195.5 | C2: 8.86 | D2: 0.13 | E2: 165.4 | F2: 0.13 | G2: 0.01 | H2: 0.94 | I2: 0.96 | J2: 0.04 | K2: 0.06 | L2: 0.95
A3: SVM with Kaggle | B3: 100 | C3: 0.58 | D3: 7.33 | E3: 100.1 | F3: 0 | G3: 1.42 | H3: 0.4 | I3: 0.96 | J3: 0.04 | K3: 0.6 | L3: 0.74
A4: XGBoost with MNIST | B4: =ROUND(AVERAGE(VirusMNIST.csv!C2:C10), 2) -> 195.27 | C4: =ROUND(AVERAGE(VirusMNIST.csv!D2:D10), 2) -> 0.74 | D4: =ROUND(AVERAGE(VirusMNIST.csv!E2:E10), 2) -> 0.09 | E4: =ROUND(AVERAGE(VirusMNIST.csv!F2:F10), 2) -> 188.39 | F4: =ROUND(AVERAGE(VirusMNIST.csv!G2:G10), 2) -> 0.01 | G4: =ROUND(AVERAGE(VirusMNIST.csv!H2:H10), 3) -> 0.002 | H4: =ROUND(AVERAGE(VirusMNIST.csv!I2:I10), 2) -> 0.81 | I4: =ROUND(AVERAGE(VirusMNIST.csv!J2:J10), 2) -> 0.94 | J4: =ROUND(AVERAGE(VirusMNIST.csv!K2:K10), 2) -> 0.06 | K4: =ROUND(AVERAGE(VirusMNIST.csv!L2:L10), 2) -> 0.19 | L4: =ROUND(AVERAGE(VirusMNIST.csv!M2:M10), 2) -> 0.91
A5: SVM with MNIST | B5: =ROUND(AVERAGE(VirusMNIST.csv!C11:C19), 2) -> 100.4 | C5: =ROUND(AVERAGE(VirusMNIST.csv!D11:D19), 2) -> 0.4 | D5: =ROUND(AVERAGE(VirusMNIST.csv!E11:E19), 2) -> 4.19 | E5: =ROUND(AVERAGE(VirusMNIST.csv!F11:F19), 2) -> 96.93 | F5: =ROUND(AVERAGE(VirusMNIST.csv!G11:G19), 3) -> 0.002 | G5: =ROUND(AVERAGE(VirusMNIST.csv!H11:H19), 3) -> 0.056 | H5: =ROUND(AVERAGE(VirusMNIST.csv!I11:I19), 2) -> 0.6 | I5: =ROUND(AVERAGE(VirusMNIST.csv!J11:J19), 2) -> 0.84 | J5: =ROUND(AVERAGE(VirusMNIST.csv!K11:K19), 2) -> 0.16 | K5: =ROUND(AVERAGE(VirusMNIST.csv!L11:L19), 2) -> 0.4 | L5: =AVERAGE(VirusMNIST.csv!M11:M19) -> 0.82
A7: Dynamic XGBoost Preformance | B7: =MINUS(B2,B4) -> 0.23 | C7: =MINUS(C2,C4) -> 8.12 | D7: =MINUS(D2,D4) -> 0.04 | E7: =MINUS(E2,E4) -> -22.99 | F7: =MINUS(F2,F4) -> 0.12 | G7: =MINUS(G2,G4) -> 0.008 | H7: =MINUS(H2,H4) -> 0.13 | I7: =MINUS(I2,I4) -> 0.02 | ... L7: =MINUS(L2,L4) -> 0.04
A8: Dynamic SVM Preformance | B8: =MINUS(B3,B5) -> -0.4 | C8: =MINUS(C3,C5) -> 0.18 | D8: =MINUS(D3,D5) -> 3.14 | E8: =MINUS(E3,E5) -> 3.17 | F8: =MINUS(F3,F5) -> -0.002 | G8: =MINUS(G3,G5) -> 1.364 | H8: =MINUS(H3,H5) -> -0.2 | I8: =MINUS(I3,I5) -> 0.12 | ... L8: =MINUS(L3,L5) -> -0.08
